word1,op1,word2,op2,word3,skipgram_ns_word,skipgram_hs_word,cbow_ns_word,cbow_hs_word
rotate,+,uss,-,albania,ms,howitzer,hindered,hence
humber,+,perils,-,lakewood,hamels,arbiter,outlawing,eligibility
alphonso,+,åberget,-,socks,eduardo,brookes,siodmak,duval
coiner,+,digs,-,distributions,fairbairn,gasquet,walsall,kombat
charted,+,merging,-,singles,interacted,closes,regards,rendezvoused
griesemer,+,withdraws,-,tunneling,pellegrini,trilling,1637,sierra
katra,+,workouts,-,arm,palaeoscincus,carpetbagging,benching,attributions
morphemes,+,verso,-,specialise,v1,yuffie,caze,langton
connelly,+,reagent,-,codons,cantor,prokofiev,spooner,granjon
chattanooga,+,trajan,-,pickled,hoste,abruptly,chic,1674
kennington,+,wetter,-,recess,upland,eatonville,susu,kiel
cooing,+,helmand,-,037,stow,amelia,1296,gjirokastër
shallows,+,traded,-,ceremonial,leapt,transferred,madres,daulah
africanus,+,shinplasters,-,quotas,sohn,larsen,lenny,fearless
newsday,+,retina,-,segregation,egm,rediff,untouchables,abridgement
daddy,+,competitions,-,1119,tennis,movies,billed,movies
belmont,+,anthochaera,-,spy,kukruse,graculina,1075,rutgers
sedimentation,+,horrible,-,sect,depressing,nice,stitch,arpeggios
uncompromising,+,embraces,-,saviour,truths,gossip,greenhow,satirizes
pleased,+,available,-,1907,thrilled,unsuitable,262s,universally
pressure,+,fagrskinna,-,development,nadi,fahrenheit,groin,chittagong
playthrough,+,standardisation,-,omloop,timescale,sustaining,prong,predominately
macedonian,+,stilianou,-,sharps,balkan,cheyenne,steine,393d
crosses,+,tomasevich,-,meru,ascends,connect,juggling,intersects
stiffer,+,antebellum,-,overseer,benchmarks,considerably,fittleworth,captivity
emanated,+,protocols,-,counterattacked,observational,mechanism,sacrificing,distanced
arête,+,mechanized,-,melodramas,airlanding,battalion,initiator,deflected
purged,+,stars,-,allentown,weaknesses,fundamentally,imagining,perceive
rubenstein,+,grande,-,heavily,teatro,montague,humphreys,631
giordano,+,feeble,-,archival,mcpherson,burwell,undeniably,primadonna
sinhalese,+,bloated,-,trodden,nonsensical,austere,lilting,rippling
ragnar,+,theft,-,commemorative,alam,henry,anjou,xii
innovative,+,scanning,-,283,intricate,symbolic,arcs,memorable
crystal,+,confuse,-,hours,evoke,showcase,lessen,symbolizing
dougray,+,pitched,-,despuig,scored,appraised,pundits,colepeper
1152,+,catalinas,-,overbearing,levanger,dubrovnik,bhutan,ruins
fossil,+,conglomerates,-,reprinting,ungulates,courtyards,aloof,theorizes
spanked,+,vkj,-,eminently,incognito,wreck,uspto,devour
aplomb,+,sorraia,-,prevents,brians,bilwis,kôr,idealised
paleo,+,damn,-,475,horrible,plotline,alleviated,wrenching
sampy,+,ruber,-,sainsbury,bernardii,tilstoni,charu,lined
rectory,+,shown,-,breyer,displayed,almonry,quickest,worshipped
same,+,saturdays,-,fauchet,weekends,moratorium,77th,fiscal
coxon,+,cabling,-,ensuring,peebles,sheryl,hepburn,halévy
sedgemoor,+,outages,-,takeda,floods,protostars,ail,wasn
742,+,rave,-,popstar,233,442,ld50,preaching
pack,+,pwi,-,ismail,digit,hikes,c64,kilometre
blum,+,fdj,-,fences,maloney,greenedge,iaa,mansfield
tractor,+,numbered,-,π1,hauled,helicopter,wrists,lightweight
thatgamecompany,+,derivation,-,wear,drishyam,foottown,sash,aesthetics
unbearable,+,maya,-,athleticism,obscure,abysmal,brat,lowry
condoms,+,rash,-,barricade,insomnia,benzodiazepines,vikram,benzodiazepines
peterhead,+,ail,-,yen,kelbajar,svan,lycoming,loudspeakers
invaders,+,poisonous,-,malignant,serviceable,troughs,cerny,knutsford
détente,+,sustain,-,squirrels,revitalize,disrupt,exhumation,extract
sturluson,+,thermodynamic,-,acquired,incontinence,grasses,zaragoza,1115
buckle,+,anupama,-,professional,sciarretto,hirsh,lean,estar
harmonize,+,pondicherry,-,terrance,dine,mica,polled,containers
dividend,+,cerebral,-,υ,mockery,loophole,disturb,butt
laughed,+,ijn,-,storied,mistakenly,forecasters,braces,slammiversary
functionally,+,gadag,-,dem,industrially,meaningful,rapped,resplendent
benn,+,delfino,-,pugh,kroll,magee,guido,'ordre
mount,+,haynes,-,hips,hazelton,giuseppe,fbs,either
reasonable,+,fripp,-,mitsuru,generous,strict,packets,robust
austere,+,dyneley,-,prices,metafictional,avory,fordham,winry
steels,+,orchestrated,-,abbot,blockbuster,carted,blacklist,ignited
enclosed,+,tournament,-,fairfield,unlocked,accreted,c5,organised
padmarasa,+,rendition,-,raviv,retelling,sensuality,overking,sampler
beloved,+,second,-,deserts,third,favorite,autograph,truly
robbers,+,refrained,-,approximate,leoni,suárez,refuelled,differs
monticola,+,stucco,-,sportscaster,kermes,ganapati,pumilio,justine
quimby,+,harriet,-,.38,angrily,kirby,carrington,warsaw
odeon,+,downpour,-,aerodromes,spooner,libbed,quickness,vuelta
dmitry,+,throated,-,slugging,hamza,obergruppenführer,jitsu,seminars
means,+,winery,-,talents,possum,energia,swahili,scuba
wooden,+,minutiae,-,shakira,erecting,fortified,trajectories,pickup
alternating,+,reshef,-,fluctuations,wolfe,beatty,melissenos,associate
engels,+,veal,-,riparian,berger,garrett,jaimie,snowshoes
interrogating,+,scripts,-,eolian,suggestions,forgave,pronged,rafales
subunits,+,welcome,-,skates,allusions,virgilian,dreams,mildly
budd,+,geek,-,hyundai,rosen,masamune,rpgfan,hundreds
1587,+,emblems,-,jynx,syndication,1544,devonshire,cologne
abduction,+,daylights,-,natalia,assailants,shadowlands,transept,bridgeheads
fulfil,+,landscape,-,'oyly,segregation,transformative,debunk,inhibitions
listing,+,londonderry,-,hoot,kokoda,kokoda,investing,297
achievements,+,osrd,-,ste,rewards,accomplishments,bsap,eights
otters,+,longer,-,hindering,fewer,hoshi,soteriology,fewer
generosity,+,kamen,-,rbi,baudelaire,perceives,outrageously,gurls
hickman,+,cnidarians,-,isthmus,clicks,misused,võ,spinebill
prewar,+,ley,-,saga,stevedores,rallied,leyton,alle
unprofor,+,exacted,-,folios,idf,disrupting,leask,remakes
baan,+,1265,-,topographic,1618,1399,hamworthy,1957
purposely,+,interviews,-,softball,photos,interviewers,align,feud
laredo,+,hapless,-,usurping,esperance,thickets,1126,bournemouth
hydnellum,+,atic,-,laevigatum,weedy,atac,mari,x2
menacing,+,himmler,-,munro,ordinarily,eguchi,unlawfully,genial
homelessness,+,seemingly,-,thalberg,cord,prosthetic,crazed,gunshot
signified,+,retrospect,-,race,speculating,hindsight,1786,barns
tiled,+,grouchy,-,harshly,cun,thru,sts,bristles
majorca,+,linkin,-,disadvantageous,buena,arkansas,leclerc,caras
seabirds,+,computation,-,raced,morphology,vocalisations,asclepius,christine
casablanca,+,michálek,-,kidnapper,oceaneering,ritter,orderly,biopsy
tyburn,+,diarrhea,-,congeners,1125,anu,1075,dewar
centerfield,+,polarised,-,wolfram,underperformed,troika,autocar,routers
maki,+,cob,-,sonate,naoki,triglycerides,policymakers,slain
quasi,+,indianapolis,-,affectionate,champaign,champaign,rainy,1174
directors,+,bricius,-,quichotte,trustees,governors,prebendary,chasse
mayhew,+,shenzhen,-,carefully,kendal,fredericksburg,lisbon,resided
dealerships,+,albee,-,kinnear,inkpen,hopefully,spedding,assure
biddenden,+,motorsports,-,erect,visconti,plummer,inconsistently,ellerbeck
anil,+,conrail,-,jamming,wooster,catalonia,akashi,ke
yoshimi,+,narrate,-,slate,presaged,see,obstruct,manipulate
bluemantle,+,songbird,-,filed,impeccable,marauders,lol,fearless
jynx,+,unhindered,-,kinda,nycticebus,gran,ecclesiae,postulated
aspired,+,097,-,recordings,016,826,joliot,kbe
'connor,+,ranches,-,oseary,wolverton,anatolian,incandescent,milky
overbearing,+,annually,-,cargoes,pageant,rosemond,lament,arbitrary
encom,+,thunderbirds,-,pompey,episodic,ozploitation,carswell,drexel
britten,+,blunders,-,vendors,hawkes,decimus,clio,oedipus
grin,+,menagerie,-,culverhouse,commotion,bailiff,volksbank,pouch
sieg,+,stances,-,aviators,stari,patterdale,dutton,hillbilly
thunderstorms,+,fujiwhara,-,tiers,thunderstorm,concussion,prokaryotes,classmate
pastry,+,boothstown,-,nature,uig,fiume,starburst,ironspire
stanza,+,aeronaves,-,taranaki,hikari,fleur,heinlein,cajal
weeks,+,repaired,-,1088,months,months,wiped,months
define,+,laramie,-,enjoyment,designate,odot,laverton,prefer
karjakin,+,clinically,-,fishermen,crowbar,richly,miscalculation,1716
bitter,+,santoshi,-,beiste,disturbing,sharpened,lignin,wet
subsisted,+,minimal,-,frenchmen,inhibited,slight,formflow,contested
horrendous,+,deported,-,crater,shunned,willingly,beefsteaks,hoping
teak,+,hellfire,-,meigetsuki,plating,munitions,oerlikons,venom
valiente,+,gnaeus,-,alphonse,wever,moderator,punishing,wear
still,+,purring,-,primera,seldom,uniformly,unoriginal,actually
produce,+,knowledgeable,-,wyoming,impart,impart,excuse,possess
osborne,+,hiker,-,579,latham,strachey,couplet,harbinger
compute,+,bottling,-,hausa,calculate,achieve,coalesce,readable
catechisms,+,sociological,-,un,interludes,cutscenes,patio,kermit
formidable,+,003,-,antioxidant,contre,747,martialed,solicitor
plays,+,counselors,-,65,mentors,cures,revisit,communicated
zhongshan,+,mcgovern,-,lossiemouth,egbert,mudie,mimation,datchet
arashiro,+,attach,-,beyond,intercede,fetch,moorfields,andrzej
nickels,+,parochial,-,authentic,holyhead,oahu,1523,guianan
paw,+,risking,-,hesitation,payette,huron,goaltenders,mauled
sketch,+,forgave,-,sai,plotline,sparked,deems,entailed
mean,+,apiece,-,niš,exceeds,d4,metrical,clinical
perspective,+,steamboats,-,niggers,unincorporated,perturbations,beleaguered,fundy
friedman,+,licked,-,seaborg,unrecognizable,customarily,monsieur,mali
baptist,+,laid,-,h.w,interred,burned,righting,erected
vengi,+,apply,-,alcoholism,calculate,reconnoitre,reenact,persist
limantour,+,lawsuits,-,sshws,petitions,inexperienced,unoriginal,akkad
bandstand,+,anonymity,-,325th,fetish,coffeehouse,hollies,bassoon
skillful,+,electroplating,-,academies,decurrent,stout,1236,fireball
slumped,+,covering,-,puma,punting,dispatching,clemmons,curves
'honneur,+,schubert,-,arkansas,'être,lamento,bemoaned,'abbetot
pnt,+,targeting,-,involve,ws,amerikanischer,numbering,controller
felon,+,satan,-,leroy,crutch,centerpiece,formulaic,climactic
somerset,+,isosceles,-,31st,pantocrator,normality,lebesgue,588
pratt,+,chairwoman,-,sos,reid,chairman,geschwaderkommodore,disparate
cravins,+,richards,-,unfavourably,kern,schlesinger,cucurbits,norriss
leclerc,+,hasel,-,m249s,vivian,butcher,knopf,donovan
shotgun,+,capitalizing,-,maori,clearer,rests,plebiscite,stephanie
cowie,+,paddies,-,cooter,collieries,destitute,paralyze,bubbling
macy,+,salim,-,unavoidable,showrunners,hodgkin,tourmalet,mccay
kinsman,+,reinvented,-,outsourcing,tammy,pursuivant,insults,shoes
delivered,+,repression,-,duopoly,prosecuted,pimp,assemblage,cleared
jerky,+,dawkins,-,zobel,ginger,garlic,longden,suzume
1576,+,1948,-,winhill,1886,1876,kessenich,1954
brewer,+,siraj,-,shodan,sharpe,gu,anatolian,epirote
develops,+,wabd,-,z.,devises,wiggs,sakuraba,pitch
serrated,+,restigouche,-,hacking,modèle,kommandøren,snipes,mardonius
learns,+,aware,-,juniata,tells,reminds,ghastly,learned
interviewed,+,retrograde,-,sole,heckled,danced,annihilated,attaching
frédéric,+,ensued,-,standstill,cassius,div,lucie,unprotected
ɪ,+,paramedics,-,sonia,vials,ʊ,wootton,rackets
claudio,+,watten,-,plugs,sully,hastings,counterattacked,phrynion
braved,+,notice,-,t1,reinstatement,contradiction,stalemate,fundraiser
snape,+,valentine,-,activity,atkinson,gibson,lazy,hermaphrodite
emo,+,genesis,-,lisbon,doo,ee,isomorphic,maze
basava,+,pf,-,leaning,bromide,propithecus,isopods,boletes
colourful,+,recur,-,monsters,cogent,plainly,plaudits,reflected
oxbow,+,stortford,-,1641,abuts,preconceived,groce,mustache
piquet,+,˚,-,reddick,gev,bermuda,redrew,schoolers
woodruff,+,aviv,-,marija,bloomington,pisa,sherri,stabilise
margaret,+,playa,-,reese,surb,joost,88th,kwon
unsigned,+,origen,-,alyeska,laurie,partido,υ,hazen
batou,+,bef,-,gleba,glosserman,woodfull,shortages,mixco
forcella,+,raycom,-,superiority,npr,pitchfork,radians,gal
disgusted,+,resurface,-,yahoo,strangled,apprehended,loosen,eased
weeds,+,swiatek,-,vinaceous,wollheim,detectives,materialise,extravagance
justice,+,saxophonist,-,unbuilt,reverend,outgoing,authoritative,european
100th,+,579,-,mutinies,451,221,confidentiality,beaty
shipton,+,protocol,-,comprehensible,mayaguez,sutler,donington,m88
hassle,+,uprisings,-,midsection,dissidents,rebellions,importantly,gta
subg,+,squandering,-,sliding,trinsey,leptophylla,robins,harpers
stat,+,decomposition,-,vocals,allosteric,cascades,magna,fertilizer
hanging,+,politiquerias,-,triceratops,procession,shied,repudiated,telescope
271,+,bhp,-,sphagnum,470,675,urbšys,surged
kuldahar,+,yarder,-,metagenome,azim,elkton,roswell,soaps
vittorio,+,severus,-,jeopardised,ferdinand,wyck,hobbes,improvise
longoria,+,fanck,-,kartikeya,parineeta,breccia,fooled,categorization
fez,+,openers,-,wharton,m2b,applicable,rowers,kesler
dash,+,352,-,sabbagh,litre,≈,ns,hippodrome
sponsoring,+,consummated,-,unaltered,mages,cared,overwhelms,reacted
fold,+,jesse,-,branched,chuck,joachim,robin,allāh
luongo,+,somalian,-,administrative,nilsson,itagaki,cassidy,sybil
enthused,+,ominously,-,objections,soothing,offstage,inexplicably,documented
clergymen,+,conglomerates,-,animalium,molestation,downloaders,parachuting,banovina
memoranda,+,concrete,-,spins,krupp,steel,fluidity,honus
bas,+,brandt,-,whitlock,juring,elect,radioisotopes,itd
gruff,+,telegram,-,arid,giacchino,turner,comatose,transplant
harkness,+,miners,-,baba,peasants,cadets,pritchard,burditt
787,+,aum,-,ascended,712,987,herbage,portraiture
dampen,+,park,-,chancellery,bother,thou,ravage,richthofen
1226,+,imply,-,ricky,predict,belong,codon,assumption
mrna,+,justus,-,coats,eligio,gmbh,j.g,nih
beli,+,starfighter,-,planting,disgraced,大空,indaba,sheared
riggi,+,mandibular,-,occurring,mulligan,storrow,stamens,evangelist
quorum,+,colloquial,-,carcharhinus,lurid,blending,narrowest,culmination
constantly,+,famously,-,clapton,deliberately,continually,noteworthy,persuaded
forwards,+,abdication,-,duets,deportation,execution,passage,transformation
drew,+,hiryū,-,cossack,garnered,gladys,istanbul,bore
nes,+,institutes,-,mortgage,computing,parameters,cinematographers,attestations
inexhaustible,+,keratin,-,tutelage,lianas,oils,irritability,079
manipulates,+,phanariote,-,fresco,harsha,vows,fenshaw,dnieper
2006gy,+,chapman,-,cleeve,colfer,farrell,forgives,tibbets
zouaves,+,bálint,-,wendell,splashes,critiquing,maginot,dovre
prose,+,12e,-,deliver,tubicen,ishtar,flathead,duc
recommend,+,louisbourg,-,navigable,prosecute,learn,inviting,pushes
remembers,+,forgetting,-,frontiersmen,understands,worried,inertial,knows
damages,+,greatfoot,-,tibetan,drownings,canberras,wiśniowiecki,usumacinta
tibet,+,collectibles,-,koprowski,marojejy,tvrđa,eternity,damascus
sayed,+,tatum,-,sinbad,sama,og,20a,1769
clegg,+,akbar,-,threat,abel,kean,alphonso,mugabe
strode,+,1740s,-,”,1370s,meantime,meantime,artillerymen
dysplasia,+,380,-,partnerships,920,957,arma,758
team,+,guitarists,-,nere,teams,teams,predominated,metric
servicemen,+,steeper,-,mack,wading,climbers,ramsbottom,pettitte
emanuel,+,reykjavík,-,annotation,bernardo,wanda,kardarigan,wim
feed,+,consultant,-,williamson,check,pretext,pose,delivers
perkins,+,schoolhouse,-,booking,carole,carmichael,raines,iphigénie
sorcerers,+,yahagi,-,greenberg,warheads,slots,nobodies,expertise
presbyterians,+,mortgage,-,continuance,militaries,fignon,maidens,allusion
defender,+,preschool,-,hova,prospects,courting,pew,unclaimed
kendal,+,todesbanden,-,ecosoc,amamiya,anticonvulsant,doubleday,1203
chairperson,+,passport,-,reubens,neutrality,tactician,assembles,cappella
yaltanack,+,hein,-,catapulted,émigré,sauganash,chino,applause
adidas,+,itzá,-,injunction,plainfield,estación,nitric,millibars
crane,+,owe,-,nightstick,tolerate,seem,ligation,maintain
divisions,+,valentin,-,unfounded,demi,demi,ammiraglio,brigades
cancellation,+,bhagavata,-,majority,gasketball,villas,gwyneth,silvereye
sheringham,+,andrás,-,broomloan,bannister,violinist,syco,norriss
weeds,+,overseen,-,degenerate,ridiculed,unscrupulous,secundus,overwhelmed
chrysanthemum,+,chapels,-,fastest,pubs,slaughtered,norcross,gunner
tunbridge,+,stille,-,ungulate,brill,ogden,ranulf,rosemond
sanctioning,+,chuckle,-,inconsistency,ration,acceptor,decimating,robber
halle,+,stipulates,-,progression,roswell,infogrames,inveresk,shears
pittsford,+,acadian,-,picturesque,limerick,ceylon,kesteven,liberum
kuldahar,+,jūjutsu,-,amphicoelias,aix,asti,nadzab,broadheath
curricular,+,erin,-,hiffernan,esque,salim,fertilised,amprofon
autovista,+,bambaataa,-,irrelevant,mc,mc,806,pythagoras
institutional,+,bold,-,unplanned,computational,linguistic,una,storytelling
antonius,+,nuba,-,nonintercourse,michał,über,nad,demeaning
romulans,+,actors,-,alexandrescu,actresses,medallions,cataloguing,hammers
numerically,+,windermere,-,serotonin,outposts,paraguayan,rediscovering,commemorating
bodkin,+,homotopic,-,street,rarick,canseco,patrician,jodhpur
containing,+,overthrow,-,elizondo,relating,nullify,epidermal,concerning
specialising,+,geese,-,goulian,andhra,australasia,kalinga,perpetuity
ashworth,+,rome,-,vatlestraumen,sylvia,alphonse,reformer,anyone
lamellerie,+,precipices,-,sternorrhyncha,villaret,tubman,fouts,parineeta
unrecorded,+,levin,-,577,championed,hypocritical,powys,derrick
liliaceae,+,subservient,-,weybridge,complementary,homologous,feillu,mccully
considerable,+,calibrated,-,mycorrhizal,tremendous,risen,bailout,rapid
300th,+,josipović,-,florentine,challinor,ipl,reissued,sire
gresham,+,password,-,breimeier,keyblade,changeup,contradicts,attendant
homelessness,+,obligation,-,fps,unwillingness,promises,compensating,libretti
millions,+,widescreen,-,fantastic,kuna,approximately,discontinuation,fortriu
dreadnoughts,+,gorari,-,unintelligible,sabres,ritz,krugerrand,executions
treating,+,classes,-,through,profession,groupings,aluminium,enrolling
inquieto,+,atr,-,miscarriage,mazar,koo,manna,atwood
piquet,+,fronts,-,clams,robberies,railroads,shipment,fallacy
erratic,+,praetor,-,neurons,sickly,orphan,virchow,sailboat
wbo,+,kagoshima,-,trofeo,evesham,vimy,fortriu,oliwa
auctions,+,uvular,-,naegle,1303,1755,mazar,theatres
mach,+,rodrigues,-,bacchus,meuse,mya,tag,ser
doha,+,harold,-,wickford,allan,elias,bibliographic,yd
covenant,+,iau,-,access,wretched,slogan,fiend,mannerisms
cheering,+,shrinks,-,moisture,organises,kissed,turboprop,geography
forfeit,+,maasai,-,aborigines,cny,save,strapped,moitra
xavier,+,admirable,-,glaciated,illustrator,maharaj,lame,wrinkles
027,+,hanukkah,-,offshore,kwon,breeches,changa,lovin
commandos,+,occupancy,-,canopies,ferrying,shipping,booths,organizers
disposal,+,wackett,-,antonio,usair,leadership,fresno,conclusion
bears,+,wwf,-,deluxe,tigers,browns,bolstered,jtwc
elma,+,hissing,-,konstanty,permafrost,evaporation,usurpation,bullets
'huez,+,symmetry,-,meningococcal,homomorphism,sap,pauahi,affidavit
1885,+,large,-,goldberg,small,small,skirmishes,specializing
colborne,+,dettori,-,warblers,schoolcraft,armijn,masayoshi,clandestinely
ppm,+,absurdity,-,equalling,atmospheres,gags,ibotenic,conduction
assessors,+,nearly,-,gamefaqs,almost,approximately,853,consecutive
dickey,+,koror,-,panel,norreys,1158,1375,mankato
scrubs,+,besides,-,britton,conversely,underscoring,subplots,anew
montrose,+,definite,-,guilford,positional,genuine,opportunist,gesture
appendicitis,+,corporate,-,hylogyne,banking,junagadh,canso,culinary
haider,+,decrypted,-,coordination,seb,cp,caulfield,cadel
michelena,+,marbury,-,zola,woodhouse,mockingly,openers,reassignment
hybridise,+,malaysia,-,processors,kashmir,buden,unsubstantiated,gallo
immensely,+,pariah,-,sửu,enduringly,satisfying,effortless,sponge
limits,+,anand,-,sedna,semifinals,loyalsock,searchlight,iwo
lordship,+,conservator,-,manley,reassessment,severity,hackney,scarcity
episcopalians,+,motomu,-,crystarium,geraint,kidnaps,makk,stolar
rianz,+,rao,-,marina,sundwall,vicky,scholes,operationally
protostars,+,unionist,-,bowel,honoree,vettor,billboard,congo
permitted,+,tubing,-,ruhlmann,rotated,fixed,inadvertent,westland
injuring,+,scourge,-,balcatta,raping,insecurities,juicy,invention
brian,+,identically,-,centred,darryl,erin,fowl,kevin
1806,+,bessin,-,parkway,111cs,111cs,richelieu,1790
chitinozoans,+,fables,-,velar,weaknesses,taxa,qs,inventions
introductions,+,strove,-,injuring,sanction,hellmouth,intending,substituting
duchies,+,indentured,-,valiente,ununtrium,akomish,trajectories,interludes
kernels,+,nationalities,-,prosecutor,hydroxides,predators,copious,billions
puebla,+,herefordshire,-,huron,luckett,spite,huế,nicaea
cantonment,+,specimens,-,sitwell,ecosystems,uplands,clinched,textual
enthralled,+,liverworts,-,stempel,infest,startled,potts,regulated
damages,+,cranborne,-,reviewers,1035,504,underwear,1804
ultratip,+,industrialists,-,wrap,bohol,remixes,bærum,snowshoe
brookshier,+,duirinish,-,sensations,sudbury,gouverneur,norrbotten,ames
caracalla,+,teepee,-,smoked,ousting,sahure,niobrara,zhao
balk,+,ashcroft,-,varies,finlay,tyson,rinzler,chakra
obscures,+,pedestrianised,-,bottomed,lakefront,statues,gospels,principled
paris,+,miner,-,internationals,prairie,fountain,indignation,united
727,+,regenerate,-,komintern,colonize,float,catalpa,cézanne
lucid,+,passover,-,improvements,stew,strut,touted,stunningly
ctr,+,intermediate,-,lustful,rafale,frontage,batavian,lobes
duffy,+,undertail,-,trackers,satin,tee,992,iapt
nematodes,+,corset,-,indenture,hairlike,formless,entrées,install
finial,+,victorino,-,systematically,cornet,sermon,rothwell,oration
laced,+,menagerie,-,isagoras,distinctively,palimpsest,dogma,consults
sympathy,+,omnivore,-,maltese,truths,excuse,honed,admission
hermaphroditus,+,pyotr,-,wattlebird,reshen,sinha,fluctuate,maratha
breweries,+,mechanics,-,limp,technology,abundances,overdubs,orbits
biblical,+,kakai,-,1370,atheistic,harmonic,taurus,excitedly
erika,+,gui,-,antsirabe,laurie,constantin,ha,882
connelly,+,mirren,-,landon,clowes,farnese,nuneaton,r1
ponytail,+,dressed,-,socialise,wig,freddy,retrospect,vagrant
bcci,+,makira,-,530,senkele,mortuary,mantellodon,concealed
innis,+,checkpoints,-,assassination,commodity,implying,deduces,likewise
sil,+,blasters,-,without,greenwald,gamasutra,tupac,quorra
derive,+,morels,-,shinji,originate,satisfy,tribeca,emerge
closeness,+,suing,-,fundamentalist,tenacity,appealed,perpetuated,uncomplicated
1939,+,marginalized,-,inciting,1891,1940,floats,1944
refreshments,+,camera,-,accordance,polishing,interface,cantors,minefield
phoebe,+,gaffe,-,sightings,lina,magician,twig,ploy
keiko,+,hatching,-,midway,raisins,ciccone,bellona,cereals
calibur,+,mb,-,monsignor,mg,kilometres,recessional,sesame
routings,+,flatter,-,neutralised,eclecticism,listeners,hips,amputation
classed,+,1011,-,inns,denoted,kj,suficiente,classified
fridtjof,+,radiant,-,yokohama,satirizes,laments,enchanting,propel
caxton,+,funnel,-,951,foremast,stowaway,orphanage,lich
landscaping,+,impractical,-,christakis,easier,upgrades,danaé,outcome
stew,+,ohm,-,rzeczypospolitej,fourths,scrum,complementary,plucked
revisiting,+,frithjof,-,disadvantages,thérèse,kemp,laughable,projected
1819,+,abagnale,-,mutis,1781,canaan,mcs,fritsch
beaubien,+,entwistle,-,luttrell,vries,sakamichi,discreetly,ledges
mating,+,dara,-,cohorts,rainy,pimlico,soundcloud,henin
monologue,+,339,-,ro,613,505,matsui,hydroxides
circular,+,northeasterly,-,welded,trunkline,southeasterly,inserting,qantas
u1,+,payroll,-,newlands,escudos,cumulatively,fulmars,overrode
nothing,+,barbeyella,-,semilanceata,anything,trippy,octavarium,bids
mohareb,+,correctness,-,christmastime,wrangling,prosecutions,ipo,acceleration
horseman,+,hemorrhoid,-,shediac,humanistic,artifact,postmortem,windfall
affable,+,synoptic,-,grievance,com,referencing,1575,glockenspiel
ragnaill,+,access,-,1195,reroute,narcotics,spc,markedly
archival,+,admit,-,pastry,disclose,discuss,plead,retain
general,+,bohemians,-,litigation,osten,oberstleutnant,moncoutié,raise
hairline,+,theorists,-,bolting,assertions,notwithstanding,pylons,friendship
gaffney,+,sawston,-,spouses,lutz,greenleaf,677,.500
purports,+,jodhpur,-,ittf,corpuscles,zira,curd,bananas
canning,+,theorems,-,hiryū,berardinelli,pitchfork,mccarroll,nme
wilmington,+,lento,-,bedding,greenville,gainesville,alphabetical,anticipation
coup,+,oneself,-,labrador,feat,feat,compromise,pickup
bannerman,+,pickard,-,postural,heywood,obersturmbannführer,sunkara,exemption
ultimania,+,clifton,-,rationalist,beaumont,bahrain,légion,berates
kawkawlin,+,camaraderie,-,spitalfields,snohomish,immigrate,selkirk,impermeable
maeonius,+,eau,-,optimize,ranadev,sunflowers,twee,rockman
restless,+,binh,-,greenwood,meningitis,preventing,crawling,tendency
base,+,burj,-,virgin,4c,purposed,kicked,fulton
a8,+,establishments,-,k.r.i.t,subdivisions,municipalities,unveiling,limelight
catesby,+,circumnavigating,-,a.d.,câmpineanu,tutoring,parthenogenesis,debts
cob,+,asthma,-,jovial,overcrowding,maastricht,nots,distracting
hasten,+,aldean,-,culminates,raglan,garner,elicit,halved
incompetence,+,perplexed,-,challenger,shōnagon,brushwood,hildebrand,tehran
ridicules,+,j.h,-,crawford,satirizes,thumbs,thorwald,hinomaru
stallion,+,madagascar,-,gilding,guam,breeze,descend,tornado
propel,+,snares,-,marck,manipulate,conceive,compliant,pushes
ew,+,metaphorical,-,congeners,mak,'angelo,1298,ico
pardoned,+,unethical,-,unexpectedly,ranna,flattering,darwish,requisitioned
subsp,+,feng,-,hsls,var,edna,dogmatic,moderately
bofors,+,experiments,-,reactions,launcher,oerlikon,abusive,hilarious
sheltering,+,nothofagus,-,vickers,maghreb,subfamily,1696,kiviõli
dot,+,bungie,-,ms,roddenberry,motivation,baauer,birthdate
ccf,+,jainism,-,geese,baptism,timeline,nanking,murdishaw
regionally,+,echmarcach,-,1695,taxa,imply,implored,hinoue
pinkerton,+,beliefs,-,fluctuating,ideology,ambitions,unpaved,juxtaposing
1203,+,maugham,-,arboreal,johnstone,plymouth,1568,stepchildren
piazzi,+,fait,-,prevented,wasser,sei,mitzvah,damnation
a.k.a,+,shrunk,-,copernican,shaggy,spacey,manu,ton
na,+,tonnage,-,şi,depth,thicknesses,catalyst,teasing
walternate,+,rubi,-,olden,hearted,savvy,streaked,ghazi
750,+,listings,-,french,245,321,imp,shp
cerebralis,+,pillar,-,gracefully,thrush,triumphal,depository,aelleni
lalich,+,d3as,-,priceless,albacores,airstrikes,supernumeraries,chloroplast
vc,+,freshly,-,bargaining,masoandro,konakis,uncles,transepts
gazebo,+,payroll,-,nandi,resistivity,kickstarter,episcopalian,lifestyle
chiapas,+,excite,-,adonis,unify,flourish,canopies,interrogations
comprises,+,defender,-,964,includes,exemplifies,ds9,meager
transform,+,insofar,-,installments,classify,classify,macromolecules,referred
rotary,+,executes,-,stepped,jacobian,corporate,2400,caab
unpainted,+,kitsu,-,dismantling,ile,forte,música,fart
brewers,+,1660s,-,volatile,49ers,1600s,vorbunker,320th
torbay,+,webster,-,merced,hoover,dennis,thedas,enabling
waned,+,sensitive,-,arm,contentious,tense,demonstrated,importantly
personas,+,literal,-,alba,relatable,stylistic,amputated,midline
180,+,britta,-,staffers,380,861,pozzobonelli,90
conversely,+,bir,-,integrals,norte,fantail,banovina,herri
rokuemon,+,dauphiné,-,malevolence,feliz,berkshire,negotiators,meds
cartesian,+,closest,-,snowfall,nearest,discard,eradicate,biggest
speedily,+,thaw,-,repudiate,motagua,evere,ambiance,laughable
stat,+,salamina,-,killer,1657,olympiakos,suetonius,schnauzers
referee,+,№,-,teetering,liberators,mle,copy,″
rationalism,+,rugrats,-,bering,thoughtful,annoying,trite,superb
wabash,+,reside,-,yoshinori,lhasa,sinai,61st,wehrmachtbericht
scarcely,+,governs,-,munch,specify,precisely,persuades,retains
manning,+,choirmaster,-,fallow,epstein,richardson,adjournment,multiplied
reminding,+,brees,-,reacquired,lulu,predeceased,painless,bushland
borgsen,+,eyesore,-,jovian,stratigeas,upbeat,philosophically,youtube
haldane,+,theropod,-,purges,altus,raphael,portman,bors
morihei,+,cuff,-,videos,phanariote,ishiyama,propithecus,badminton
duress,+,alderton,-,jobs,jahangir,beatified,hagen,kitsunetsuki
sharingan,+,communicate,-,tilt,reconcile,displeasure,ascertain,cope
anorexia,+,thighs,-,xn,stiffening,contacts,analyzes,slider
nerves,+,skyline,-,tipped,amusement,stewardship,mucosa,slices
wallpaper,+,deactivation,-,dorn,refits,breakwater,anzacs,sanatorium
impair,+,bühlmann,-,consciously,brachytherapy,reasons,engulf,rok
tattooed,+,graces,-,chbosky,overhangs,chest,concentrating,bowdon
corresponded,+,warwickshire,-,esher,clashed,cooperated,consternation,sympathize
cassettes,+,designates,-,canid,hitch,gtx,meson,syndicate
ingleside,+,1988,-,melkebeke,1990,sochi,baylor,1610
sele,+,leonidas,-,fingerprint,villiers,atwater,faber,cas
tonight,+,1749,-,indefatigable,gen,1001,barbra,jackrabbit
alexandre,+,costume,-,308,bender,lefty,stegall,nikos
vasa,+,melaleucus,-,mates,niger,walkeri,halpert,gazetted
wickham,+,mlk,-,dung,stapleton,dani,stevedores,tilt
delves,+,ackles,-,plagiarized,shack,shack,aoki,pantera
lexicon,+,vaccination,-,fond,cis,006,microcebus,supersonics
osteopath,+,intrinsically,-,checkpoint,imitative,enlightened,nebulous,aden
hewn,+,disappointment,-,fraud,projecting,projecting,rested,serapion
risks,+,vermin,-,rejuvenated,truths,ozone,knopp,censorship
skeptics,+,michael,-,biologically,danny,robinson,neferefre,diana
hanged,+,workings,-,il,liable,unusable,reacquired,auspices
coil,+,2022,-,liquefied,peg,zestiria,tesco,1103
cookies,+,boast,-,gurion,disappoint,kidding,dealbreakers,fittest
magnified,+,croatan,-,arjun,proportionate,pev,pinkerton,radiograph
showdown,+,chambersburg,-,scholar,brønnøysund,rematch,motte,mortensrud
maghreb,+,voluntarily,-,gp,peacefully,outrun,nacogdoches,corrupted
chanology,+,saturninus,-,mcru,somalian,krust,dyrrhachium,tigernach
administrators,+,mozambique,-,nationalized,newfoundland,colonisation,geneticists,madras
laid,+,shapley,-,titian,floated,flown,bestowed,knocked
unifying,+,dazzling,-,nutritional,fanciful,charming,glittering,plausible
slaveholders,+,iyad,-,informs,fingal,nidal,filefish,valentine
salvo,+,thoroughfare,-,cheapside,fatality,clubhouse,handlebar,miscarriage
boca,+,remixing,-,preshield,raton,vevo,conformational,wewak
gradual,+,summarised,-,366,unfair,advantageous,instinctively,heralded
dunder,+,rethymno,-,news,whitefriars,ferelden,mankind,vampiri
proclaimed,+,imbued,-,sedentary,proclaiming,opens,identifiable,rewarded
tyburn,+,reading,-,faa,yelling,ceasing,lecturing,cantiere
cauchy,+,ridiculousness,-,decentralized,euler,claspers,fatherland,illustration
embarrassment,+,swampy,-,lancet,incurable,incompetent,transcendent,sardonic
1677,+,gwynedd,-,memel,æthelwealh,abdication,indy,turntables
sprague,+,chanology,-,rump,orangi,876,878,schuyler
disappointingly,+,irony,-,benedict,noticeable,enjoyable,wishbone,cola
fringes,+,labrosaurus,-,ursula,substrate,brink,templars,socializing
katz,+,gonzalez,-,dakota,dre,tony,dear,infidelity
discharging,+,motif,-,spades,tear,shakedown,parlayed,executing
methode,+,steroids,-,hamra,halides,mofo,elvira,'connor
gsc,+,almeida,-,inhabitation,clément,talorgan,incubated,np
sheridan,+,1332,-,faceted,robbins,sandra,meileyingensis,alfredo
backbencher,+,wirraways,-,wica,schooners,agnew,refuelling,assembles
tees,+,petar,-,producer,philippi,nothofagus,schljakov,shouldn
melvins,+,plutonium,-,tilman,components,peridium,yodeling,katra
implosion,+,lighthearted,-,conceding,realist,essentials,diploid,industrialisation
braid,+,fitzjohn,-,seymour,tuft,tenths,göttingen,downpour
folios,+,enough,-,folie,sufficient,follicles,esq,disclose
monique,+,lyttelton,-,1207,manuela,abel,crossbolt,fondness
caldecott,+,dignities,-,restraining,murata,plush,ehrenberg,romania
mortars,+,detect,-,radek,absorb,laminations,pasupathy,maximize
subfamily,+,tees,-,510,abrolhos,suborder,nostrils,café
nullify,+,suppose,-,leaflets,understand,wish,relish,loved
isin,+,reddy,-,b.i.g,iver,simplification,unfolding,assassination
flange,+,farmers,-,region,disadvantaged,standardized,nod,compromised
prudhoe,+,dawson,-,sangatya,tennant,rodney,lerner,channelsea
ganguly,+,huehuetenango,-,line,belisarius,buckingham,calospora,strom
may,+,brainerd,-,thistle,march,alberti,braden,stuka
ukrainian,+,transmitting,-,í,socio,consumer,consortium,chancery
edict,+,seats,-,weakest,delegates,rbi,conung,tackles
desire,+,aruba,-,1761,unwillingness,refusal,quell,neighbor
paradox,+,truths,-,requiring,immortality,wording,utter,verge
willie,+,reminder,-,spindle,mentor,plague,lot,copy
madder,+,libel,-,undisturbed,lau,fennel,deposed,safer
visas,+,theseus,-,enabled,fellows,desbarats,petrov,silos
affinity,+,iajr,-,milligan,radii,hub,78th,mitigation
presumptive,+,number,-,bootx,majority,fragility,telecast,collection
salvaged,+,pine,-,tomahawk,woodlands,outcrops,exporting,derived
108,+,mukerji,-,gills,644,658,leoni,285
palmyra,+,yajurveda,-,bellingham,idealism,verbal,enquiry,ayala
ηε,+,vena,-,surveillance,tremayne,amor,825,bloch
molecule,+,sidhu,-,granary,mrna,lamarckism,mas,denotes
sugarcane,+,shipment,-,sea,cigars,shipments,disenchanted,diversification
aligned,+,masquerade,-,premature,infused,strewn,inhabiting,contrasted
awakens,+,informers,-,defendant,tethe,thongs,sakakibara,kirchner
portraits,+,particulier,-,recently,hallmarks,blending,centerpiece,sorrow
harker,+,167,-,jynx,crossbar,878,duque,basements
militaries,+,chinatown,-,exposition,trinculo,hues,ssp,voznesensky
dravidar,+,voldemort,-,cobi,trujillo,authenticity,seams,blondie
whipray,+,seydlitz,-,tackler,bayan,generalfeldmarschall,sumgait,pandey
variolation,+,believer,-,narayan,lopsided,rarity,caponier,psychopath
eurovision,+,emerson,-,626,wilco,critiqued,captivating,theme
enslavement,+,bel,-,georg,tuft,politicisation,resumption,pursuit
minigame,+,paraphernalia,-,feasible,peal,mentalist,israelites,camel
lightest,+,potent,-,gained,intrinsically,geometrically,mummy,reassuring
observing,+,waterways,-,malfunctioning,fisheries,enlarging,simulations,emphasising
cautious,+,applause,-,ramparts,anybody,careful,mp3,riddled
biscay,+,chennselaig,-,kris,brunei,coastlines,tehuantepec,religions
guitars,+,civilisation,-,arenas,melodies,naughty,ghosts,speaks
texans,+,lindisfarne,-,shamsi,romanians,worcestershire,christianisation,striggio
adultery,+,tr,-,lobectomy,husayn,coburg,complied,strings
gallons,+,hakim,-,häkkinen,pesos,_,1063,~
prerogatives,+,divorced,-,glitzy,excommunicated,strangled,lal,drank
sellout,+,reefs,-,cornea,gorge,stopping,gair,coolant
ranadev,+,diversionary,-,earners,cybèle,cybèle,tolman,wallis
pennine,+,sake,-,messier,suitability,caregiver,dreamcast,dyspanopeus
wes,+,krest,-,petits,geraldine,hayden,achanta,soca
terracing,+,publication,-,furman,sighting,discovery,eponymous,outcome
julianne,+,grantland,-,renowned,yearwood,schembechler,meru,brien
comedies,+,detracted,-,gametophyte,villains,quoting,thruway,gleaned
pike,+,sekai,-,tilson,ne,werden,gellar,qüxü
summer,+,prospered,-,nieces,winter,nagano,united,winter
1984,+,wrecked,-,reflective,1901,1875,1706,1976
tarsi,+,recommending,-,honour,readability,predicting,cooperativity,elevate
cường,+,configurations,-,minka,gauges,coronal,conscription,denon
kommando,+,1552,-,bracing,1164,beni,meantime,riverbank
tni,+,rajoelina,-,yamhad,menem,odex,affidavit,persano
provides,+,guto,-,gaming,convinces,leads,betray,produces
profitable,+,phoneme,-,rothenberg,deuterium,pev,peaked,doff
recent,+,methanol,-,pragmatic,rcs,mos,tracts,plasmas
loophole,+,downward,-,xích,rooftop,bulwark,pretext,asteroid
eddie,+,sonya,-,avenged,cam,belinda,chobaz,beryl
abelard,+,workhouse,-,thirds,playfair,corbin,cornet,metrodome
wrinkle,+,shuffling,-,ellipsoid,dilation,tumultuous,domesday,staple
spoke,+,advantage,-,morricone,accused,oath,ply,countryman
exam,+,potty,-,licked,examination,hundredth,educates,resembled
hypothetical,+,auditorium,-,acropolis,meditation,restless,nee,shirt
krabby,+,oblivion,-,mets,whimsical,splendid,lazer,miranic
madsen,+,mule,-,graphical,carmichael,dioscoreales,dumas,1460
cavanaugh,+,bălcescu,-,immunities,berger,clive,been,carlson
bartlet,+,amon,-,cabbage,rendell,dunnington,embodies,dengeki
concessional,+,blind,-,courtship,dea,begs,topographical,criticizes
haugesund,+,murphy,-,riddance,stapleton,sercey,galaţi,restorations
bibcode,+,shi,-,southborough,オブ,icao,über,الله
introns,+,obviously,-,bostock,realistically,practically,woefully,happy
fauchet,+,surveillance,-,cocktail,readied,moscoso,woollen,buxton
proven,+,wanderings,-,casterman,harmful,subtype,deserving,accused
kristy,+,attests,-,freetown,overcomes,outgrew,furred,gimmicky
snohomish,+,occurrences,-,aircrews,ullevål,flint,numismatists,antananarivo
receptacle,+,endangered,-,finder,ammodendri,sulfide,firs,saldana
workington,+,482,-,persevered,830,950,württemberg,565
kidneys,+,ringo,-,bhutan,lana,takao,blinding,goldhagen
stirk,+,ministered,-,consequence,rouse,depose,substantiate,restrict
eloquent,+,finn,-,grin,burt,alcock,arcelormittal,rolland
siegel,+,takaya,-,palestine,gervais,arjona,biodegradable,ultimatum
predicting,+,lupton,-,autograph,bitterly,insists,howat,intending
rolfe,+,kartvelian,-,accumulation,adnan,basses,minoru,cede
veidt,+,fliegerkorps,-,cataracts,paschal,alves,kemal,opponent
guideline,+,villa,-,together,hallam,smithsonian,arcades,darwish
posse,+,194a,-,defeated,saltsman,chinatown,henchman,safekeeping
vapor,+,russian,-,mileage,german,syrian,livingston,portuguese
undermined,+,rorschach,-,río,contradicted,embarrassed,picked,patented
connect,+,shiki,-,lutheran,add,deutschland,oust,contradict
alexandrine,+,salons,-,colonized,elsie,klein,ruter,handguns
colbert,+,festively,-,selma,slocum,mangan,bootx,wellek
incana,+,poti,-,commedia,feira,edessa,vini,budokan
demure,+,bosi,-,schrey,compendium,stunning,magicians,systematic
moaning,+,698,-,addictive,1165,881,polytheism,456
exploited,+,under,-,fended,discouraged,utilised,maría,damaging
senna,+,mitsoda,-,fountain,rooke,nix,ismay,hai
tarradell,+,conditioned,-,kurrle,filaments,hydrolysis,squire,profundity
boyarsky,+,contracts,-,havre,troika,concessions,gash,emphasize
soy,+,snsk,-,seaport,hugot,pavarotti,quarrelled,amounting
bequeathed,+,verge,-,sire,raises,depended,expiration,alienate
kayaks,+,apostolidès,-,pwg,exoskeleton,palladio,mughals,yorker
arlott,+,mansfield,-,wealthier,houghton,houghton,avicenna,waxy
semigroup,+,vervliet,-,randomized,daulatzai,dearly,palten,recluse
ctenophore,+,weert,-,martín,whitefish,resurfacing,liaoning,stall
gladiatorial,+,booksellers,-,occupied,sportsmanship,invitations,serrano,indy
tendencies,+,spitfire,-,demos,barbed,pod,shinoda,tamer
rescued,+,wbo,-,guiana,stowed,accosted,laoghaire,devised
reelection,+,chiropractors,-,try,investiture,deliberations,baptistry,boroughbridge
clifford,+,clayton,-,unlawful,woodward,lorraine,ad,mcmahon
wikimania,+,facto,-,minogue,pacification,première,mohegan,guerre
ultratop,+,regulament,-,dispensaries,alps,arsacid,admiralstab,alps
transformer,+,degrade,-,superieure,metabolic,reflect,resurrect,mono
guizhou,+,rochdale,-,symphonic,glamorgan,norfolk,airlanding,gc
scrutinize,+,goffman,-,familiars,tippett,fulfil,confuse,whirlpool
creighton,+,shortages,-,infrequently,watt,croat,livingston,sabha
laughing,+,vie,-,petr,forgive,thankful,assemblage,salle
dashboard,+,worried,-,spatial,scolded,flattered,janssen,categorically
keys,+,woolen,-,shipbuilders,laurel,lagoon,trimming,reversing
suzanne,+,clog,-,freya,starry,operative,radically,neo
occasional,+,myles,-,und,unresolved,extramarital,muirchertach,experimentally
lindholm,+,dnc,-,pandya,wundt,ramsour,imprisoning,boyce
kvow,+,palaearctic,-,suarez,typographic,appalling,greely,tweaks
spurred,+,archdemon,-,doses,tarnished,zipper,harem,criticizes
mid,+,shades,-,longchamp,lows,densest,megawatts,pervaded
reintroduced,+,mosquitoes,-,douglass,shadowing,deposited,afswp,kinder
neutralise,+,100,-,credibility,225,200,skøyen,400
reinforce,+,bundy,-,mustered,montalban,tippett,according,scheer
existence,+,moorish,-,geo,theravada,theravada,armada,misunderstandings
aws,+,bonnor,-,incidental,starfighter,staleys,kwaremont,ardennes
regionals,+,hinckley,-,clamped,loeb,nsac,battlestar,evan
walternate,+,dispatches,-,shodan,merrick,sita,sororities,antics
generous,+,duarte,-,electronic,widowed,distraught,eline,peron
shawn,+,swells,-,lynx,flair,eugen,sugars,epsom
amok,+,plague,-,struggles,escalator,2112,galentine,tangible
pedagogical,+,schnaubelt,-,staunch,sardonically,janine,tautiška,serbo
blacknose,+,monoxide,-,uns,sulfur,dioxide,licenses,cropping
sunnydale,+,criminal,-,33,corrupt,sociological,grisham,stray
tromsø,+,emancipation,-,'arianna,secession,aleutians,battlefields,railhead
uninjured,+,ingest,-,verdicts,inflame,pursuant,petar,legio
misleading,+,suzie,-,peregrines,stableford,grupp,glassheart,tamsin
1679,+,srinivasa,-,placebo,1771,1774,karlsson,increments
newark,+,tellico,-,hindquarters,burlington,culver,kwazulu,melbourne
trenchard,+,width,-,guinan,thickness,fourths,narrators,influx
submachine,+,jaume,-,denver,goossens,hartley,gascoigne,xerxes
ethnically,+,bascule,-,rsk,reactive,circular,m15,workin
spikes,+,j.h,-,mutants,kwame,née,o.s,palliative
offering,+,quico,-,sic,appointing,supplying,synonymy,transforms
euskadi,+,shōnagon,-,remedied,sojasun,greenedge,ayumi,1522
srpska,+,toast,-,cheirogaleus,republika,contemptuous,impression,capitalization
cropped,+,3mc,-,trident,proportioned,fleshed,virtuosity,heulog
islet,+,249,-,privatized,311,nei,mcg,227
suitor,+,sparked,-,synths,provoked,evidences,numerically,pamphlet
musings,+,filipino,-,sean,dravidian,cavalier,misuse,cellphone
newman,+,proprietary,-,celled,menzies,tyrwhitt,communiqué,pincer
gypsum,+,pea,-,stroke,vegetable,dysprosium,harford,omniscience
categorised,+,contiguous,-,imagining,disjunct,centrally,boise,sangokumusou
viscosity,+,kiska,-,milder,totenkopf,chapterhouse,justifications,lettering
southborough,+,escaped,-,euler,evacuating,disembarked,flagstaff,laden
guts,+,anhui,-,geopolitical,sled,basket,prokaryotes,hieroglyphics
ups,+,cessna,-,cheeky,gotha,238,rodd,cytoplasm
glencairn,+,timon,-,trippy,brewster,williamson,urbanisation,mahler
transcriptions,+,miserable,-,baryogenesis,livin,rebellions,followup,apostles
nebulosa,+,adheres,-,disbandment,corpuscles,prefers,relent,opining
congestion,+,alla,-,fixation,masse,craigellachie,derive,buses
censorial,+,kramer,-,pride,bechholm,catalano,webzine,devise
revolved,+,larval,-,collapse,illustrating,revolving,dimmed,revolve
hungarian,+,sneaking,-,fitch,turkish,syrian,navigating,rhetorically
expressionist,+,interpolated,-,maidens,syncretic,anagram,egotistical,kamisy
postmaster,+,malay,-,altered,commandant,peloponnese,realities,renart
castles,+,scars,-,joystick,monasteries,sightings,convalescence,disposed
superior,+,flooring,-,indiscriminate,vaults,weir,gaits,earning
appreciable,+,dissertations,-,chores,midair,dingoes,impeached,outs
pva,+,cw,-,davar,steamship,philippine,schwarzwelt,methodists
conspiratorial,+,surveys,-,biochemical,deathbed,inception,1656,horological
grantees,+,families,-,michel,emigrants,occupants,superstructure,governorate
886,+,musicals,-,jumper,327,658,076,marg
owing,+,transforming,-,596,due,enhance,amplify,tuba
marquis,+,goldeneye,-,missaukee,animator,toto,grieve,worldly
sbc,+,perched,-,released,loam,drifting,aberdeenshire,nelion
čilić,+,caudillo,-,antelope,safina,hometown,abelard,splash
wreaking,+,fairhaven,-,sunflowers,elmwood,tawas,nokomis,relegation
ecstatic,+,assumes,-,hatred,autovista,chooses,kellerman,loses
smog,+,miscommunication,-,radama,resistivity,uterus,typecast,sner
delegated,+,greek,-,explosive,malaysian,netherlandish,amended,leased
deduction,+,foreshore,-,receivers,holistic,parallelogram,sorcerers,jig
todo,+,rotating,-,253,browser,coherent,cardassian,tiempo
bilbao,+,dooku,-,safe,gilles,1710,brønnøy,penicillin
millcreek,+,professional,-,keemia,collegiate,varsity,courchevel,collegiate
competing,+,knees,-,citizen,necks,canvasses,dentistry,merges
jaworski,+,lovin,-,bharat,talkin,talkin,fraught,‍
retrieval,+,welding,-,sonics,harmonious,cheap,reclassified,atheism
hap,+,galaxies,-,poer,eukaryotes,narratives,gimmicky,discussions
authored,+,connect,-,form,addison,lippett,deploy,communicates
a9,+,failures,-,basin,mismanagement,unease,toil,seriousness
ש,+,hitchhiker,-,gushing,ס,〈,segundo,sarita
habitually,+,331,-,dianic,593,146,677,farnham
moshe,+,jeffersonville,-,nestlings,concordia,cornelius,sturluson,commute
passwords,+,herculaneum,-,magnets,corpuscles,respawn,vivek,pamela
recuperated,+,reluctance,-,goc,pretended,regretted,kuehn,realising
mca,+,honeydew,-,anita,muzzles,assonance,puebla,gorillas
poqomam,+,unavoidable,-,robberies,mihrab,aware,burgundian,archangel
coupling,+,keynes,-,volumes,uka,unmoved,jolly,dudley
oregonian,+,holden,-,trakai,christgau,homunculi,culprit,lich
showcase,+,kỳ,-,emile,symbolize,sideline,deserved,broker
divide,+,deseret,-,chopped,dominate,abuts,hindering,governs
armistice,+,slugging,-,honshu,strikeout,comeback,bulk,pais
solely,+,drooping,-,calamine,primarily,siddeley,cultivate,bordered
delights,+,eased,-,incorporated,gallia,radioactivity,smallville,petrie
akizuki,+,kuril,-,security,vinayaka,1598,duat,shakuhachi
decompressed,+,urging,-,eater,disband,evangelize,disobedience,squaring
dorn,+,allbritton,-,mosh,dibble,littleton,atholl,kanaʻina
verity,+,reemerged,-,filmography,momentarily,primal,orgasm,carlson
patches,+,masthead,-,ridley,pores,underside,grorud,beds
701,+,wba,-,travancore,welterweight,cif,'anjob,battleship
ao,+,ramsbury,-,eklund,nothofagus,bora,hippo,conspiring
stub,+,surcouf,-,knights,soule,hadid,aretusa,hoste
climbing,+,michiel,-,changeover,nags,cyndi,filkins,1000
vishnuvardhana,+,alternating,-,casino,simmering,parity,rappe,budge
rheims,+,pitching,-,weld,anfield,burnley,bodrum,enclosed
tsunami,+,homeward,-,scares,oʻahu,calligraphic,spanky,decent
troupes,+,tully,-,fodder,ignacio,motu,paused,pittsfield
sociology,+,quashed,-,caverns,modelling,renewed,tasked,genocide
apache,+,lockerbie,-,governors,ditching,wound,premarital,lastly
1932,+,budget,-,praised,1853,1740,1872,1792
rpgamer,+,post,-,revered,courier,wadsworth,mitsubishi,woodson
vafþrúðnir,+,pointedly,-,kariya,budge,lied,ibarra,ditched
cuevas,+,routines,-,157,lingerie,rite,herald,picked
wiring,+,fabrics,-,experience,embankments,eunuchs,hōgen,sterigma
deposing,+,unseat,-,pa,repudiate,diplomats,disband,meantime
beauforts,+,lechuck,-,duleep,bellerophon,ibari,impairments,tecumseh
pelted,+,jervois,-,val,denuded,hatteras,abstinence,glare
reconvened,+,bait,-,lowermost,unlucky,2019,multiplying,bats
artefact,+,fainting,-,1166,separations,shakespearean,histological,flop
breathtaking,+,latex,-,seize,curiosity,hypnotic,salamander,sadness
visitor,+,sekai,-,victories,ogbete,phi,dismisses,reeling
excise,+,suns,-,concert,mexicans,germans,airforce,lamina
fictionalized,+,checked,-,hushovd,copied,modified,thrush,dumping
loyola,+,authorizing,-,lesser,gonzaga,wesleyan,kippur,flintstones
frs1,+,peleliu,-,irv,caspian,owasco,entrainment,underside
faeces,+,academic,-,699,theology,glyph,mascot,exact
suspense,+,therapist,-,intercolonial,cute,handshake,raps,desk
clarendon,+,telescope,-,if,undersea,vale,hospodars,ampersand
435,+,stratum,-,npf6,366,922,personification,facet
darius,+,slums,-,merchantman,pottsville,reggie,gallopin,138
directions,+,agrarian,-,reparation,perspectives,constitutions,oblong,anthologies
tryout,+,spaceship,-,manatee,benchmark,gunfight,upgraded,polikarpov
summation,+,isagoras,-,discharge,takia,barnett,maximise,beneficiaries
newmarket,+,lakeland,-,wintered,southgate,brigantine,stockach,talbot
haque,+,1rar,-,depletion,jurek,loria,pilcher,keppel
malaysian,+,valverde,-,deployed,touré,judgement,suspiciously,gamepad
bolsheviks,+,when,-,zap2it,safely,skated,canvasses,rejoined
opatija,+,metamorphosed,-,legacy,seagrass,worms,midwife,greyhound
sincere,+,ewart,-,darkest,kerim,joanna,heinemann,miliband
bassoon,+,jim,-,carvings,stan,doris,ponce,pam
reptiles,+,manche,-,panky,rodents,canals,yakima,prefectures
shelves,+,prawns,-,anjouan,convertible,tyrant,trassjonsky,tana
injections,+,lancastrian,-,1566,silencing,greatness,nittany,adoption
parable,+,pleiku,-,finalists,retinal,bureaucrats,katusha,asbestos
fatality,+,validly,-,cma,satisfactorily,solved,opt,wimpy
teaches,+,roddenberry,-,mdot,rejects,remembers,pulls,invokes
economically,+,atm,-,respecting,decibels,fsw,shillings,6000
symington,+,chaloners,-,grady,rationality,nazis,councilman,thistledown
(,+,theodosius,-,stoller,·,·,c5h5,ɡ
sweetest,+,1277,-,rickey,impure,profusion,specificity,gram
bray,+,pleiku,-,sauber,lakekan,elevated,norske,bubbles
1741,+,antibiotic,-,gastric,1760,1680,1420,artillerymen
displace,+,rally,-,identities,install,compile,accumulate,olympia
consideration,+,swordsman,-,generally,reconsideration,dacoit,ramones,chaplain
racks,+,cameras,-,insides,screens,throwers,vieira,benzodiazepines
syrmia,+,pans,-,dictatorship,branched,stretched,indentured,vertebrates
stamps,+,frankie,-,simulants,mimi,alison,girlhood,popmatters
troublemaker,+,brethren,-,kohl,repository,reenactment,genie,crevice
proceeding,+,barbeyella,-,climb,tanycolagreus,archimyrmex,newall,treknation
pathogenic,+,interactive,-,leakage,licensed,achievement,kinetic,se
vanuatu,+,c,-,grew,ξ,909,spenser,jimi
narwa,+,ghastly,-,surrounding,pennsatucky,gethsemane,boyish,demented
beauvoir,+,1882,-,gelderland,1810,1927,reva,1660
punts,+,unwise,-,formbys,penalized,receptions,1.e4,ineligible
regalia,+,willimon,-,charade,dhawan,wang,burnet,hulked
thom,+,pleasant,-,dull,maynard,shenley,prakash,emeritus
suspect,+,1480,-,-ma,macnamara,celeste,mustelids,grocery
sexist,+,several,-,fosdick,many,many,reinvented,many
asiaticus,+,palms,-,bayonet,moschata,tora,florino,diademed
vesicles,+,terriers,-,dikes,tabata,mrs,grizzly,fairfax
wreaths,+,reo,-,keeps,papelotte,korçë,utrecht,grosmont
cocaine,+,revenue,-,variability,debts,pedersen,vimy,ichigo
dualshock,+,smackdown,-,outlawing,ecw,dhoom,impressively,oops
singapore,+,blatantly,-,concurred,risking,freedom,unqualified,screwattack
gillingham,+,watercolours,-,takako,northamptonshire,caved,sidi,1345
trailhead,+,hueneme,-,mateo,strobe,wrexham,frolic,tees
rubinstein,+,iconographical,-,cine,vaballathus,gage,lansdale,cosmopolitan
quong,+,lanier,-,mints,tart,jokingly,mikengreg,laurent
williamson,+,snes,-,policies,'day,ascap,symmetry,818
ptv,+,weasels,-,reentering,tags,remarkably,homewrecker,connell
howard,+,kamui,-,artefact,reggie,garry,nettles,amer
'easter,+,weir,-,759,collier,geschwaderstab,romulan,elvin
greenville,+,stile,-,kinship,whitecaps,49th,sturmbannführer,imprimerie
eclecticism,+,leftovers,-,séez,extrapolated,pronounce,salesmen,adrenaline
weirdness,+,ironic,-,approximation,racy,musically,heartbeat,quirky
owe,+,worst,-,overthrow,fucking,pretty,termed,hadn
waterfall,+,unix,-,broek,widening,exterior,pathfinders,firebird
apc,+,globemaster,-,sanjay,atm,≈,pennine,sucked
transits,+,theosophical,-,tórshavn,domestication,refraction,pantocrator,yankee
purana,+,kuyt,-,stretches,della,haywood,usmc,decibels
svaars,+,indus,-,vomiting,geelong,easternmost,chirping,mirabito
amida,+,troopships,-,sharpe,ligny,louisbourg,seventeenth,kaleidoscope
asymptomatic,+,aquarium,-,shoop,telangana,ambush,restitution,initiator
gordie,+,syme,-,miracles,kerr,waltrip,foyle,loreto
kissed,+,hope,-,unopened,confess,loved,grandpa,noticed
verde,+,competent,-,outraged,dwelling,hatteras,dignitaries,collective
withstand,+,garage,-,billy,accommodate,exert,rebuild,synchrotron
subtext,+,lung,-,anglers,cure,defining,mf,hop
endnotes,+,hostile,-,valkyria,uspantán,ecology,halong,sewerage
rebuilt,+,bounties,-,1221,taxed,contractually,booed,recommissioned
truro,+,isil,-,exceptionally,beirut,portugal,brookfield,1743
1592,+,tramway,-,amagi,qinghai,sana,encirclement,fanatics
rigel,+,heisler,-,rehearsed,toucharcade,duchess,limes,468
knack,+,canso,-,penrose,paperwork,fundraiser,bumped,mimicry
pall,+,kurds,-,advocates,leek,inconsolable,larynx,tutt
pearce,+,robins,-,aluminum,cowan,albarn,enjoys,kay
subspaces,+,nightmarish,-,yesterday,pre-,liquor,upernavik,psychopathology
loyalist,+,capitalist,-,sicily,authoritarian,fuelled,timbered,manorial
arne,+,inherited,-,beds,archibald,abel,fostered,instructed
pauline,+,writ,-,uncultivated,proclamation,truce,resilient,ripe
blur,+,virgins,-,needs,halligan,caprera,shmuel,tonbridge
sausage,+,rossdale,-,330,lefroy,flourishes,cobb,angelic
airship,+,overfishing,-,sow,airmobile,a.b,nouveau,dementia
jewels,+,disowned,-,abruptly,princesses,exploits,railing,gunnar
brenton,+,loosely,-,norm,calming,naughton,harpercollins,pago
pepe,+,pigeye,-,speer,blacknose,fieldfare,newsletter,spaniel
dying,+,endeavors,-,1753,desires,greatness,mandibles,illnesses
robotic,+,742,-,ljubljana,mash,fursuit,fuera,amassed
marching,+,79,-,capitals,76,86,cfb,114
kinzer,+,1701,-,cel,1705,rivera,kartikeya,hanes
danton,+,abelian,-,continual,lettres,7s,ophthalmologist,cie
booklist,+,abundantly,-,maryanne,flandez,strippers,outgunned,terrorists
scholastic,+,bowes,-,escaped,nihon,devolver,eucalypts,anglicus
should,+,silverware,-,martini,could,scrutiny,doubting,could
pby,+,pnt,-,flirting,engined,membered,potemkin,maxtone
summarizes,+,seminoles,-,ensign,spillways,totals,t30,astros
tokyo,+,alleviated,-,plass,nighttime,typhoons,eroding,garrisons
fordyce,+,giri,-,flu,kon,beans,bintang,aronian
ayresome,+,1673,-,phenotypes,1636,chennai,1671,reelection
lutz,+,inline,-,incompatible,adsit,nh,mispc,sussman
bhp,+,norms,-,rafale,brotherhood,bottles,prospecting,facsimiles
clarinet,+,amusing,-,orne,upbeat,sideshow,bulimia,inocybe
keir,+,currently,-,blinded,ecosoc,geoffroy,lory,usually
reels,+,laramie,-,buddhism,midseason,rpm,outlived,bradford
sis,+,cheating,-,transition,sycorax,mcconaughey,latifah,lansdowne
predynastic,+,asociación,-,epigenetic,catania,kunda,prudential,quadrupled
membered,+,refraction,-,rifles,xy,lithium,renditions,tutored
toro,+,washed,-,rivière,spun,functionally,drastically,achieved
carthaginians,+,elections,-,manual,accords,philippines,poqomam,hydrology
fennel,+,tonight,-,flotilla,kimmel,birdman,idealist,techno
algal,+,.69,-,sturgeon,aerobic,2307,mcguirk,hugged
tenet,+,compositing,-,plagues,cavanagh,adrianne,blackened,parlor
sergio,+,advertising,-,ties,carpenter,koichi,hussein,hd
mountainous,+,communicated,-,riverbed,inundated,pelted,816,keeping
'oyly,+,fungi,-,gleaner,'amore,'amore,plata,'antoni
according,+,600,-,charlatan,000,500,838,900
guianan,+,funds,-,fathers,canadair,ordinate,decimal,zollingeri
sprinkled,+,1256,-,rupture,bandcamp,813,seppi,parkstone
valkyrie,+,drunkenness,-,mumford,entanglement,oratorio,lauding,oratorio
zhuge,+,polymorpha,-,quails,meng,ācārya,wchl,unharmed
chajoma,+,scialfa,-,function,levente,estranged,koc,thornycroft
league,+,rubble,-,theory,deptford,frisco,finals,mll
attending,+,reclassified,-,patents,attended,reelected,classed,characterised
despuig,+,nursed,-,egyptians,spearing,kelsey,defenseless,reminding
inflammation,+,newsday,-,4800,screams,elegance,figment,dreamt
epsom,+,brian,-,modems,johns,ives,whiteside,mycologist
absentia,+,stoddart,-,internees,hayworth,everett,sidmouth,hooligans
primus,+,authoritative,-,above,silvetti,expressiveness,sorcery,hitomi
cutaways,+,benznidazole,-,avoids,nagachandra,haploid,bevato,micronesia
arrowhead,+,kubisch,-,californium,tailback,wittenberg,closures,showgirl
toni,+,enefit,-,imprecise,tintagel,riau,84th,spill
bras,+,bannermen,-,rave,marketplaces,amendments,forgo,frs
oblivious,+,paddle,-,domini,curled,backward,subdivided,gunner
family,+,phantoms,-,adolf,capsules,braces,sealing,forehead
đorđević,+,bishopric,-,withdrawing,contactmusic.com,pornography,usury,carapace
gaveston,+,pisa,-,lakselv,ponsonby,neill,babyface,huginn
rehearsals,+,dorn,-,m6,edgecombe,liszt,fabae,papeete
reforming,+,snooker,-,deen,mozambican,leveraged,lxxvi,accolades
archive,+,grandidier,-,dre,puranic,stonework,microscopically,tun
sharpe,+,superpowers,-,courchevel,fiancé,pam,splendidly,alleging
296,+,jumbled,-,bologna,nox,050,joliot,46
mail,+,inferred,-,undercut,deduced,mirror,breakfast,morphs
968,+,packers,-,duality,sv,234,016,investigate
butt,+,extracts,-,commemorations,jelly,slime,ominous,hetman
jarrars,+,horrors,-,jellyfish,chairmanship,rebuilding,brunt,evangelicals
shirtless,+,assailed,-,degesch,flirting,vo,autosomal,posttraumatic
janković,+,kline,-,pisa,massimo,nit,lisbon,unconstitutional
recoil,+,kiosks,-,talkin,kiviter,547,juba,1216
giorgio,+,concurrently,-,evanescence,273,along,mc,affiliated
foliot,+,imagination,-,amongst,rationale,mcclure,excessively,fez
cassie,+,sagittarius,-,shahrbaraz,archetype,stylized,swissair,stuffed
forbidding,+,malnutrition,-,mitchells,stricter,supplementary,sejmiks,bris
birkerts,+,toulon,-,airline,scurvy,wurz,hokstad,herodotus
fractious,+,butai,-,branca,helgoland,retaking,tuileries,jewels
heady,+,transverse,-,alsace,bulkheads,flashlight,approximant,booster
zoo,+,contests,-,dramas,basel,toxteth,resolving,stake
bail,+,affable,-,vrb,proudly,acrimonious,crediting,ilan
ss,+,np3,-,interestingly,og,stol,prehensile,proyecto
3s,+,timeframe,-,partook,wheelbase,cul,amx,blacklist
griffiths,+,abiding,-,jokingly,czechoslovak,armstrongs,scraps,hulked
crescendo,+,hyperactive,-,organizer,depressing,resounding,acronym,ploy
939,+,1736,-,misread,1721,591,702,anabolism
replenishment,+,workstations,-,treble,streetcars,labuan,stockport,divination
selections,+,cantata,-,soloists,preseason,telecast,unveiling,setup
nme,+,wru,-,harrington,informer,condolences,70th,visuals
amanda,+,scots,-,musson,theologian,beaumont,waltham,tomita
vibration,+,manna,-,kidnappings,barometer,rpt,sulfates,depress
vaults,+,nerf,-,removing,schweizerische,magdalene,hangover,amulet
bilbao,+,sony,-,deduction,emi,intertoto,lowther,hampton
extensive,+,bramwith,-,bryan,residual,catastrophic,horsburgh,endings
75,+,creswick,-,charming,81,81,berkley,85
sidi,+,tear,-,oxendine,evaporation,particulate,hauls,hydrides
gaba,+,rapidity,-,newsreels,xylem,chagrin,equinoxes,potency
kotche,+,retraced,-,pileggi,horsforth,viacom,southend,denies
determined,+,confidence,-,stout,legitimacy,decisions,lightened,succeeded
frenetic,+,antioch,-,ijn,ronny,dreary,sketchy,wax
avoided,+,glut,-,canisters,denounced,bovine,mignola,dog
banca,+,palms,-,duress,malls,technion,formulation,scenery
inventors,+,brilliantly,-,phish,terminology,sexualized,cried,n.y.
pandey,+,71,-,papery,69,157,corvus,628
drury,+,implacably,-,signatories,clough,mérite,gascoigne,wisteria
understandable,+,kancelled,-,hoot,insane,tainted,exquisitely,y
ass,+,téa,-,931,edgy,countenance,hantzopoulos,incredible
twisted,+,greenlit,-,espionage,brittle,orchestrated,vainly,overshadowed
compels,+,eaa,-,antónio,sterigma,contrary,mendelian,calculate
malloy,+,carapace,-,davisville,schecter,lesson,fiend,bit
markets,+,infective,-,lourdes,environments,improvements,vevo,curtains
lautner,+,flyer,-,tangible,dupont,opéra,pawnees,chippewa
malfunctioning,+,theo,-,østfold,midler,plunkett,blending,concede
tartar,+,enabled,-,cawston,propelled,tbsa,mechanically,pledged
synoptic,+,peeled,-,vamp,monsoonal,gradually,nobunaga,benadir
valerie,+,tur,-,regular,drea,émile,laurie,nematodes
tremayne,+,mcelroy,-,gabrielle,randle,goaltender,jayne,en
dial,+,finalist,-,rig,outta,pinch,sparsely,discredited
heroin,+,then,-,clairvaux,slowly,eventually,cpl,eventually
preview,+,hooley,-,kartheiser,omnibus,encyclopedia,activates,parable
steamboats,+,auto,-,shelters,beaux,xii,couriers,maroney
chartered,+,inactivity,-,stds,redevelopment,takeover,issuance,seceded
disrupts,+,basile,-,propagation,nuzman,mbda,tread,e.g
hotspot,+,kohala,-,monopolised,ganges,sonics,protégés,dutchman
compose,+,æthelwealh,-,bnsf,impress,bleed,betrothed,gallagher
shrink,+,scialfa,-,protrude,doubtless,relegated,dreamed,debut
wrangler,+,ipc,-,affectionate,luge,finnish,derwent,320th
cantharellus,+,towers,-,flexed,tunnels,wandoo,cws,counting
emphasised,+,sakanaction,-,lilies,disliked,heralded,rebates,affects
dunkirk,+,channeling,-,dougherty,undefended,emanating,canandaigua,tumble
allowed,+,1158,-,throated,objected,outdoors,eastgate,2000
hornberger,+,581,-,antithesis,1341,meisneri,militaries,ihp
brentford,+,hermann,-,conan,kjerringvik,1630,suzume,resent
trousers,+,establishes,-,persian,revisits,treats,ruthless,relive
henning,+,loa,-,ajg,josephus,wie,outraged,coe
pubic,+,3b,-,rcsi,obstructive,weed,kelp,grind
controversially,+,flagstaff,-,invertebrate,reno,fram,astounded,croydon
disappearance,+,rpgs,-,key,detractors,humiliation,liberation,otranto
abaft,+,marco,-,purported,fausto,gripen,munnetra,6th
elated,+,potomac,-,ostracized,huai,barada,councilors,wildebeest
scabrella,+,disappointment,-,qualities,laricina,telmatiaea,smarts,programmable
781,+,choirmaster,-,curry,caf,nahiya,lafford,weightlifting
opinion,+,aboriginals,-,1100,morality,perception,sakanaction,dispatch
carefully,+,yeager,-,lesson,pummeling,rmm,dhalia,bergmann
ambushes,+,călinescu,-,bison,mcleod,inexplicably,yelawolf,mandana
anzac,+,ruggiero,-,ruthin,panzergrenadier,castellu,grob,witwatersrand
superstition,+,agathosmus,-,gartner,hispanica,metabolism,purre,hooijdonk
feynman,+,fourths,-,gagged,pseudo,kava,cqc,holm
caterpillar,+,taaramäe,-,militarily,hokage,cfl,rotations,1387
whitaker,+,tis,-,libel,cie,í,sulphate,a1a
normandy,+,mohareb,-,is,louisbourg,africaine,1381,saxony
okinawan,+,romanus,-,evolving,flambard,pettit,ruyloba,waxy
sprinter,+,allentown,-,korea,bromley,mt,supplanted,toast
augusto,+,generations,-,covenants,alexandru,ludwig,shigeru,courses
pre-,+,sol,-,183rd,occidente,palsy,ruter,oriente
mersa,+,lesbians,-,depict,priok,clarice,medúlla,mapes
way,+,alkan,-,gabon,meyerbeer,promise,overshadowed,choice
provisioned,+,beet,-,committeeman,downy,porous,sworn,topical
usaaf,+,shiloh,-,road,reille,occupation,oswaldkirk,cuvier
cold,+,conch,-,injected,choppy,goose,brickwork,benito
jacob,+,nightmarish,-,corrosion,burghardt,dani,diabolus,futterman
biochemical,+,709,-,belloni,petrol,generating,papua,142
alga,+,marker,-,kromer,chromosome,nymph,embedding,janitor
hue,+,revolt,-,scarcely,bloc,milwaukee,regulament,numerator
attends,+,mackinnon,-,covent,gwin,shepp,humanized,dome
kaur,+,bag,-,corresponding,womanizer,mhatre,mcguinness,tupac
hypothetical,+,tisdale,-,loaded,siregar,forensic,sis,cousy
sign,+,krasnyi,-,abram,breach,exert,untreated,escrivá
boulder,+,invite,-,testified,stabilize,assemble,await,respiratory
winslow,+,inquisition,-,guidelines,arrondissement,toc,49th,nucleolus
sonja,+,crossland,-,corset,bjørn,asin,blaue,hoyos
ahsan,+,lenses,-,polytheistic,hypnotic,johanna,mgysgt,vig
730,+,shamanism,-,chavez,425,877,984,ipecac
cang,+,fjord,-,feliz,kuroishi,inner,ardennes,skirmishing
sarcophilus,+,1582,-,search,dasyatis,1416,mikey,nj
witchcraft,+,bonn,-,approximants,archaeology,banyumas,offaly,notions
shaw,+,glottis,-,reveals,boustany,elric,whereabouts,unsettled
full,+,brennan,-,strut,allingham,wever,overflowed,generating
vicki,+,heath,-,quiney,roe,kitty,pranks,numismatists
secunda,+,heights,-,lambing,novi,negev,pampas,bagpipes
shiban,+,bottas,-,nichols,vokoun,mouton,nunney,jima
sperrle,+,contrast,-,surprising,eduard,doha,guiana,ofsted
